reference,target,position,minhash distance
str1,pep1,1,0.0
str1,pep2,1,0.0
str1,pep3,1,0.0
str1,pep4,1,0.0
str1,pep5,1,0.0
str1,pep6,1,0.0
str1,pep7,1,0.0
str1,pep8,1,0.0
str1,pep9,1,0.0
str1,pep10,1,0.0
str1,pep11,1,0.0
str1,pep12,1,0.0
str1,str2,1,0.0
str1,str3,1,0.0
str1,str4,1,0.0
str1,str5,1,0.0
str1,str6,1,0.0
str1,str7,1,0.0
str1,str8,1,0.0
str1,str9,1,0.0
str1,pep1,2,0.9560546875
str1,pep2,2,0.9560546875
str1,pep3,2,0.95703125
str1,pep4,2,0.884765625
str1,pep5,2,0.8662109375
str1,pep6,2,0.95703125
str1,pep7,2,0.95703125
str1,pep8,2,0.95703125
str1,pep9,2,0.8662109375
str1,pep10,2,0.8662109375
str1,pep11,2,0.8662109375
str1,pep12,2,0.0
str1,str2,2,0.0
str1,str3,2,0.0
str1,str4,2,0.0
str1,str5,2,0.0
str1,str6,2,0.0
str1,str7,2,0.0
str1,str8,2,0.0
str1,str9,2,0.0
str1,pep1,3,0.7685546875
str1,pep2,3,0.7685546875
str1,pep3,3,0.8662109375
str1,pep4,3,0.7685546875
str1,pep5,3,0.8486328125
str1,pep6,3,0.8662109375
str1,pep7,3,0.8662109375
str1,pep8,3,0.8662109375
str1,pep9,3,0.9375
str1,pep10,3,0.8662109375
str1,pep11,3,0.9375
str1,pep12,3,0.9375
str1,str2,3,0.8828125
str1,str3,3,0.8857421875
str1,str4,3,0.8828125
str1,str5,3,0.8857421875
str1,str6,3,0.8828125
str1,str7,3,0.0
str1,str8,3,0.8857421875
str1,str9,3,0.8828125
str1,pep1,4,0.0
str1,pep2,4,0.0
str1,pep3,4,0.0
str1,pep4,4,0.8349609375
str1,pep5,4,0.751953125
str1,pep6,4,0.0
str1,pep7,4,0.0
str1,pep8,4,0.0
str1,pep9,4,0.765625
str1,pep10,4,0.0
str1,pep11,4,0.765625
str1,pep12,4,0.751953125
str1,str2,4,0.0
str1,str3,4,0.0
str1,str4,4,0.0
str1,str5,4,0.0
str1,str6,4,0.0
str1,str7,4,0.0
str1,str8,4,0.0
str1,str9,4,0.0
str1,pep1,5,0.9375
str1,pep2,5,0.9375
str1,pep3,5,0.8994140625
str1,pep4,5,0.8603515625
str1,pep5,5,0.9326171875
str1,pep6,5,0.8486328125
str1,pep7,5,0.8486328125
str1,pep8,5,0.8486328125
str1,pep9,5,0.8828125
str1,pep10,5,0.8486328125
str1,pep11,5,0.8828125
str1,pep12,5,0.8271484375
str1,str2,5,0.0
str1,str3,5,0.0
str1,str4,5,0.0
str1,str5,5,0.0
str1,str6,5,0.0
str1,str7,5,0.568359375
str1,str8,5,0.568359375
str1,str9,5,0.8828125
str1,pep1,6,0.9208984375
str1,pep2,6,0.9208984375
str1,pep3,6,0.8818359375
str1,pep4,6,0.9501953125
str1,pep5,6,0.8984375
str1,pep6,6,0.8857421875
str1,pep7,6,0.8857421875
str1,pep8,6,0.8857421875
str1,pep9,6,0.8857421875
str1,pep10,6,0.8818359375
str1,pep11,6,0.8857421875
str1,pep12,6,0.8974609375
str1,str2,6,0.8974609375
str1,str3,6,0.8515625
str1,str4,6,0.8837890625
str1,str5,6,0.8828125
str1,str6,6,0.8515625
str1,str7,6,0.8857421875
str1,str8,6,0.8818359375
str1,str9,6,0.0
str1,pep1,7,0.9375
str1,pep2,7,0.9375
str1,pep3,7,0.9501953125
str1,pep4,7,0.95703125
str1,pep5,7,0.0
str1,pep6,7,0.9501953125
str1,pep7,7,0.9501953125
str1,pep8,7,0.9501953125
str1,pep9,7,0.0
str1,pep10,7,0.0
str1,pep11,7,0.0
str1,pep12,7,0.9111328125
str1,str2,7,0.9375
str1,str3,7,0.9091796875
str1,str4,7,0.9248046875
str1,str5,7,0.9375
str1,str6,7,0.9208984375
str1,str7,7,0.9482421875
str1,str8,7,0.9501953125
str1,str9,7,0.9375
str1,pep1,8,0.93359375
str1,pep2,8,0.859375
str1,pep3,8,0.9306640625
str1,pep4,8,0.875
str1,pep5,8,0.0
str1,pep6,8,0.8447265625
str1,pep7,8,0.875
str1,pep8,8,0.859375
str1,pep9,8,0.0
str1,pep10,8,0.0
str1,pep11,8,0.0
str1,pep12,8,0.95703125
str1,str2,8,0.0
str1,str3,8,0.0
str1,str4,8,0.0
str1,str5,8,0.0
str1,str6,8,0.0
str1,str7,8,0.884765625
str1,str8,8,0.0
str1,str9,8,0.9560546875
str1,pep1,9,0.0
str1,pep2,9,0.0
str1,pep3,9,0.8662109375
str1,pep4,9,0.875
str1,pep5,9,0.875
str1,pep6,9,0.896484375
str1,pep7,9,0.875
str1,pep8,9,0.875
str1,pep9,9,0.875
str1,pep10,9,0.875
str1,pep11,9,0.875
str1,pep12,9,0.0
str1,str2,9,0.8662109375
str1,str3,9,0.0
str1,str4,9,0.9208984375
str1,str5,9,0.896484375
str1,str6,9,0.9208984375
str1,str7,9,0.896484375
str1,str8,9,0.8662109375
str1,str9,9,0.875
str1,pep1,10,0.0
str1,pep2,10,0.0
str1,pep3,10,0.80078125
str1,pep4,10,0.9208984375
str1,pep5,10,0.93359375
str1,pep6,10,0.9208984375
str1,pep7,10,0.884765625
str1,pep8,10,0.884765625
str1,pep9,10,0.875
str1,pep10,10,0.875
str1,pep11,10,0.875
str1,pep12,10,0.875
str1,str2,10,0.8662109375
str1,str3,10,0.8603515625
str1,str4,10,0.8662109375
str1,str5,10,0.9208984375
str1,str6,10,0.9306640625
str1,str7,10,0.93359375
str1,str8,10,0.884765625
str1,str9,10,0.8662109375
str1,pep1,11,0.8134765625
str1,pep2,11,0.0
str1,pep3,11,0.0
str1,pep4,11,0.671875
str1,pep5,11,0.8662109375
str1,pep6,11,0.8994140625
str1,pep7,11,0.8134765625
str1,pep8,11,0.8134765625
str1,pep9,11,0.0
str1,pep10,11,0.8134765625
str1,pep11,11,0.0
str1,pep12,11,0.802734375
str1,str2,11,0.8994140625
str1,str3,11,0.8837890625
str1,str4,11,0.0
str1,str5,11,0.0
str1,str6,11,0.8994140625
str1,str7,11,0.818359375
str1,str8,11,0.935546875
str1,str9,11,0.0
str1,pep1,12,0.0
str1,pep2,12,0.0
str1,pep3,12,0.0
str1,pep4,12,0.0
str1,pep5,12,0.0
str1,pep6,12,0.0
str1,pep7,12,0.0
str1,pep8,12,0.0
str1,pep9,12,0.0
str1,pep10,12,0.0
str1,pep11,12,0.0
str1,pep12,12,0.0
str1,str2,12,0.0
str1,str3,12,0.0
str1,str4,12,0.0
str1,str5,12,0.0
str1,str6,12,0.0
str1,str7,12,0.0
str1,str8,12,0.0
str1,str9,12,0.0
str2,pep1,1,0.0
str2,pep2,1,0.0
str2,pep3,1,0.0
str2,pep4,1,0.0
str2,pep5,1,0.0
str2,pep6,1,0.0
str2,pep7,1,0.0
str2,pep8,1,0.0
str2,pep9,1,0.0
str2,pep10,1,0.0
str2,pep11,1,0.0
str2,pep12,1,0.0
str2,str1,1,0.0
str2,str3,1,0.0
str2,str4,1,0.0
str2,str5,1,0.0
str2,str6,1,0.0
str2,str7,1,0.0
str2,str8,1,0.0
str2,str9,1,0.0
str2,pep1,2,0.9560546875
str2,pep2,2,0.9560546875
str2,pep3,2,0.95703125
str2,pep4,2,0.884765625
str2,pep5,2,0.8662109375
str2,pep6,2,0.95703125
str2,pep7,2,0.95703125
str2,pep8,2,0.95703125
str2,pep9,2,0.8662109375
str2,pep10,2,0.8662109375
str2,pep11,2,0.8662109375
str2,pep12,2,0.0
str2,str1,2,0.0
str2,str3,2,0.0
str2,str4,2,0.0
str2,str5,2,0.0
str2,str6,2,0.0
str2,str7,2,0.0
str2,str8,2,0.0
str2,str9,2,0.0
str2,pep1,3,0.8837890625
str2,pep2,3,0.8837890625
str2,pep3,3,0.9208984375
str2,pep4,3,0.8837890625
str2,pep5,3,0.8818359375
str2,pep6,3,0.9208984375
str2,pep7,3,0.9208984375
str2,pep8,3,0.9208984375
str2,pep9,3,0.9501953125
str2,pep10,3,0.9208984375
str2,pep11,3,0.9501953125
str2,pep12,3,0.9501953125
str2,str1,3,0.8828125
str2,str3,3,0.5166015625
str2,str4,3,0.0
str2,str5,3,0.5166015625
str2,str6,3,0.0
str2,str7,3,0.8828125
str2,str8,3,0.5166015625
str2,str9,3,0.0
str2,pep1,4,0.0
str2,pep2,4,0.0
str2,pep3,4,0.0
str2,pep4,4,0.8349609375
str2,pep5,4,0.751953125
str2,pep6,4,0.0
str2,pep7,4,0.0
str2,pep8,4,0.0
str2,pep9,4,0.765625
str2,pep10,4,0.0
str2,pep11,4,0.765625
str2,pep12,4,0.751953125
str2,str1,4,0.0
str2,str3,4,0.0
str2,str4,4,0.0
str2,str5,4,0.0
str2,str6,4,0.0
str2,str7,4,0.0
str2,str8,4,0.0
str2,str9,4,0.0
str2,pep1,5,0.9375
str2,pep2,5,0.9375
str2,pep3,5,0.8994140625
str2,pep4,5,0.8603515625
str2,pep5,5,0.9326171875
str2,pep6,5,0.8486328125
str2,pep7,5,0.8486328125
str2,pep8,5,0.8486328125
str2,pep9,5,0.8828125
str2,pep10,5,0.8486328125
str2,pep11,5,0.8828125
str2,pep12,5,0.8271484375
str2,str1,5,0.0
str2,str3,5,0.0
str2,str4,5,0.0
str2,str5,5,0.0
str2,str6,5,0.0
str2,str7,5,0.568359375
str2,str8,5,0.568359375
str2,str9,5,0.8828125
str2,pep1,6,0.80078125
str2,pep2,6,0.80078125
str2,pep3,6,0.7822265625
str2,pep4,6,0.9462890625
str2,pep5,6,0.7626953125
str2,pep6,6,0.7890625
str2,pep7,6,0.7890625
str2,pep8,6,0.7890625
str2,pep9,6,0.7890625
str2,pep10,6,0.7822265625
str2,pep11,6,0.7890625
str2,pep12,6,0.0
str2,str1,6,0.8974609375
str2,str3,6,0.8369140625
str2,str4,6,0.7880859375
str2,str5,6,0.83203125
str2,str6,6,0.8369140625
str2,str7,6,0.7890625
str2,str8,6,0.7822265625
str2,str9,6,0.8974609375
str2,pep1,7,0.0
str2,pep2,7,0.0
str2,pep3,7,0.7880859375
str2,pep4,7,0.875
str2,pep5,7,0.9375
str2,pep6,7,0.7880859375
str2,pep7,7,0.7880859375
str2,pep8,7,0.7880859375
str2,pep9,7,0.9375
str2,pep10,7,0.9375
str2,pep11,7,0.9375
str2,pep12,7,0.7900390625
str2,str1,7,0.9375
str2,str3,7,0.904296875
str2,str4,7,0.8203125
str2,str5,7,0.0
str2,str6,7,0.8212890625
str2,str7,7,0.888671875
str2,str8,7,0.7880859375
str2,str9,7,0.8603515625
str2,pep1,8,0.93359375
str2,pep2,8,0.859375
str2,pep3,8,0.9306640625
str2,pep4,8,0.875
str2,pep5,8,0.0
str2,pep6,8,0.8447265625
str2,pep7,8,0.875
str2,pep8,8,0.859375
str2,pep9,8,0.0
str2,pep10,8,0.0
str2,pep11,8,0.0
str2,pep12,8,0.95703125
str2,str1,8,0.0
str2,str3,8,0.0
str2,str4,8,0.0
str2,str5,8,0.0
str2,str6,8,0.0
str2,str7,8,0.884765625
str2,str8,8,0.0
str2,str9,8,0.9560546875
str2,pep1,9,0.8662109375
str2,pep2,9,0.8662109375
str2,pep3,9,0.0
str2,pep4,9,0.671875
str2,pep5,9,0.671875
str2,pep6,9,0.818359375
str2,pep7,9,0.671875
str2,pep8,9,0.671875
str2,pep9,9,0.671875
str2,pep10,9,0.671875
str2,pep11,9,0.671875
str2,pep12,9,0.8662109375
str2,str1,9,0.8662109375
str2,str3,9,0.8662109375
str2,str4,9,0.8818359375
str2,str5,9,0.818359375
str2,str6,9,0.8818359375
str2,str7,9,0.818359375
str2,str8,9,0.0
str2,str9,9,0.671875
str2,pep1,10,0.8662109375
str2,pep2,10,0.8662109375
str2,pep3,10,0.7822265625
str2,pep4,10,0.8818359375
str2,pep5,10,0.8994140625
str2,pep6,10,0.8818359375
str2,pep7,10,0.8134765625
str2,pep8,10,0.8134765625
str2,pep9,10,0.671875
str2,pep10,10,0.671875
str2,pep11,10,0.671875
str2,pep12,10,0.671875
str2,str1,10,0.8662109375
str2,str3,10,0.73046875
str2,str4,10,0.8486328125
str2,str5,10,0.8818359375
str2,str6,10,0.8837890625
str2,str7,10,0.8994140625
str2,str8,10,0.8134765625
str2,str9,10,0.0
str2,pep1,11,0.865234375
str2,pep2,11,0.8994140625
str2,pep3,11,0.8994140625
str2,pep4,11,0.904296875
str2,pep5,11,0.93359375
str2,pep6,11,0.0
str2,pep7,11,0.865234375
str2,pep8,11,0.865234375
str2,pep9,11,0.8994140625
str2,pep10,11,0.865234375
str2,pep11,11,0.8994140625
str2,pep12,11,0.8544921875
str2,str1,11,0.8994140625
str2,str3,11,0.935546875
str2,str4,11,0.8994140625
str2,str5,11,0.8994140625
str2,str6,11,0.0
str2,str7,11,0.8818359375
str2,str8,11,0.9091796875
str2,str9,11,0.8994140625
str2,pep1,12,0.0
str2,pep2,12,0.0
str2,pep3,12,0.0
str2,pep4,12,0.0
str2,pep5,12,0.0
str2,pep6,12,0.0
str2,pep7,12,0.0
str2,pep8,12,0.0
str2,pep9,12,0.0
str2,pep10,12,0.0
str2,pep11,12,0.0
str2,pep12,12,0.0
str2,str1,12,0.0
str2,str3,12,0.0
str2,str4,12,0.0
str2,str5,12,0.0
str2,str6,12,0.0
str2,str7,12,0.0
str2,str8,12,0.0
str2,str9,12,0.0
str3,pep1,1,0.0
str3,pep2,1,0.0
str3,pep3,1,0.0
str3,pep4,1,0.0
str3,pep5,1,0.0
str3,pep6,1,0.0
str3,pep7,1,0.0
str3,pep8,1,0.0
str3,pep9,1,0.0
str3,pep10,1,0.0
str3,pep11,1,0.0
str3,pep12,1,0.0
str3,str1,1,0.0
str3,str2,1,0.0
str3,str4,1,0.0
str3,str5,1,0.0
str3,str6,1,0.0
str3,str7,1,0.0
str3,str8,1,0.0
str3,str9,1,0.0
str3,pep1,2,0.9560546875
str3,pep2,2,0.9560546875
str3,pep3,2,0.95703125
str3,pep4,2,0.884765625
str3,pep5,2,0.8662109375
str3,pep6,2,0.95703125
str3,pep7,2,0.95703125
str3,pep8,2,0.95703125
str3,pep9,2,0.8662109375
str3,pep10,2,0.8662109375
str3,pep11,2,0.8662109375
str3,pep12,2,0.0
str3,str1,2,0.0
str3,str2,2,0.0
str3,str4,2,0.0
str3,str5,2,0.0
str3,str6,2,0.0
str3,str7,2,0.0
str3,str8,2,0.0
str3,str9,2,0.0
str3,pep1,3,0.888671875
str3,pep2,3,0.888671875
str3,pep3,3,0.9306640625
str3,pep4,3,0.888671875
str3,pep5,3,0.8837890625
str3,pep6,3,0.9306640625
str3,pep7,3,0.9306640625
str3,pep8,3,0.9306640625
str3,pep9,3,0.9482421875
str3,pep10,3,0.9306640625
str3,pep11,3,0.9482421875
str3,pep12,3,0.9482421875
str3,str1,3,0.8857421875
str3,str2,3,0.5166015625
str3,str4,3,0.5166015625
str3,str5,3,0.0
str3,str6,3,0.5166015625
str3,str7,3,0.8857421875
str3,str8,3,0.0
str3,str9,3,0.5166015625
str3,pep1,4,0.0
str3,pep2,4,0.0
str3,pep3,4,0.0
str3,pep4,4,0.8349609375
str3,pep5,4,0.751953125
str3,pep6,4,0.0
str3,pep7,4,0.0
str3,pep8,4,0.0
str3,pep9,4,0.765625
str3,pep10,4,0.0
str3,pep11,4,0.765625
str3,pep12,4,0.751953125
str3,str1,4,0.0
str3,str2,4,0.0
str3,str4,4,0.0
str3,str5,4,0.0
str3,str6,4,0.0
str3,str7,4,0.0
str3,str8,4,0.0
str3,str9,4,0.0
str3,pep1,5,0.9375
str3,pep2,5,0.9375
str3,pep3,5,0.8994140625
str3,pep4,5,0.8603515625
str3,pep5,5,0.9326171875
str3,pep6,5,0.8486328125
str3,pep7,5,0.8486328125
str3,pep8,5,0.8486328125
str3,pep9,5,0.8828125
str3,pep10,5,0.8486328125
str3,pep11,5,0.8828125
str3,pep12,5,0.8271484375
str3,str1,5,0.0
str3,str2,5,0.0
str3,str4,5,0.0
str3,str5,5,0.0
str3,str6,5,0.0
str3,str7,5,0.568359375
str3,str8,5,0.568359375
str3,str9,5,0.8828125
str3,pep1,6,0.859375
str3,pep2,6,0.859375
str3,pep3,6,0.7802734375
str3,pep4,6,0.9111328125
str3,pep5,6,0.8349609375
str3,pep6,6,0.7900390625
str3,pep7,6,0.7900390625
str3,pep8,6,0.7900390625
str3,pep9,6,0.7900390625
str3,pep10,6,0.7802734375
str3,pep11,6,0.7900390625
str3,pep12,6,0.8369140625
str3,str1,6,0.8515625
str3,str2,6,0.8369140625
str3,str4,6,0.7841796875
str3,str5,6,0.80078125
str3,str6,6,0.0
str3,str7,6,0.7900390625
str3,str8,6,0.7802734375
str3,str9,6,0.8515625
str3,pep1,7,0.904296875
str3,pep2,7,0.904296875
str3,pep3,7,0.9208984375
str3,pep4,7,0.93359375
str3,pep5,7,0.9091796875
str3,pep6,7,0.9208984375
str3,pep7,7,0.9208984375
str3,pep8,7,0.9208984375
str3,pep9,7,0.9091796875
str3,pep10,7,0.9091796875
str3,pep11,7,0.9091796875
str3,pep12,7,0.8232421875
str3,str1,7,0.9091796875
str3,str2,7,0.904296875
str3,str4,7,0.8544921875
str3,str5,7,0.904296875
str3,str6,7,0.865234375
str3,str7,7,0.935546875
str3,str8,7,0.9208984375
str3,str9,7,0.8994140625
str3,pep1,8,0.93359375
str3,pep2,8,0.859375
str3,pep3,8,0.9306640625
str3,pep4,8,0.875
str3,pep5,8,0.0
str3,pep6,8,0.8447265625
str3,pep7,8,0.875
str3,pep8,8,0.859375
str3,pep9,8,0.0
str3,pep10,8,0.0
str3,pep11,8,0.0
str3,pep12,8,0.95703125
str3,str1,8,0.0
str3,str2,8,0.0
str3,str4,8,0.0
str3,str5,8,0.0
str3,str6,8,0.0
str3,str7,8,0.884765625
str3,str8,8,0.0
str3,str9,8,0.9560546875
str3,pep1,9,0.0
str3,pep2,9,0.0
str3,pep3,9,0.8662109375
str3,pep4,9,0.875
str3,pep5,9,0.875
str3,pep6,9,0.896484375
str3,pep7,9,0.875
str3,pep8,9,0.875
str3,pep9,9,0.875
str3,pep10,9,0.875
str3,pep11,9,0.875
str3,pep12,9,0.0
str3,str1,9,0.0
str3,str2,9,0.8662109375
str3,str4,9,0.9208984375
str3,str5,9,0.896484375
str3,str6,9,0.9208984375
str3,str7,9,0.896484375
str3,str8,9,0.8662109375
str3,str9,9,0.875
str3,pep1,10,0.8603515625
str3,pep2,10,0.8603515625
str3,pep3,10,0.7880859375
str3,pep4,10,0.8837890625
str3,pep5,10,0.89453125
str3,pep6,10,0.8837890625
str3,pep7,10,0.8134765625
str3,pep8,10,0.8134765625
str3,pep9,10,0.751953125
str3,pep10,10,0.751953125
str3,pep11,10,0.751953125
str3,pep12,10,0.751953125
str3,str1,10,0.8603515625
str3,str2,10,0.73046875
str3,str4,10,0.7685546875
str3,str5,10,0.8837890625
str3,str6,10,0.888671875
str3,str7,10,0.89453125
str3,str8,10,0.8134765625
str3,str9,10,0.73046875
str3,pep1,11,0.8759765625
str3,pep2,11,0.8837890625
str3,pep3,11,0.8837890625
str3,pep4,11,0.888671875
str3,pep5,11,0.9306640625
str3,pep6,11,0.935546875
str3,pep7,11,0.8759765625
str3,pep8,11,0.8759765625
str3,pep9,11,0.8837890625
str3,pep10,11,0.8759765625
str3,pep11,11,0.8837890625
str3,pep12,11,0.8681640625
str3,str1,11,0.8837890625
str3,str2,11,0.935546875
str3,str4,11,0.8837890625
str3,str5,11,0.8837890625
str3,str6,11,0.935546875
str3,str7,11,0.8720703125
str3,str8,11,0.9482421875
str3,str9,11,0.8837890625
str3,pep1,12,0.0
str3,pep2,12,0.0
str3,pep3,12,0.0
str3,pep4,12,0.0
str3,pep5,12,0.0
str3,pep6,12,0.0
str3,pep7,12,0.0
str3,pep8,12,0.0
str3,pep9,12,0.0
str3,pep10,12,0.0
str3,pep11,12,0.0
str3,pep12,12,0.0
str3,str1,12,0.0
str3,str2,12,0.0
str3,str4,12,0.0
str3,str5,12,0.0
str3,str6,12,0.0
str3,str7,12,0.0
str3,str8,12,0.0
str3,str9,12,0.0
str4,pep1,1,0.0
str4,pep2,1,0.0
str4,pep3,1,0.0
str4,pep4,1,0.0
str4,pep5,1,0.0
str4,pep6,1,0.0
str4,pep7,1,0.0
str4,pep8,1,0.0
str4,pep9,1,0.0
str4,pep10,1,0.0
str4,pep11,1,0.0
str4,pep12,1,0.0
str4,str1,1,0.0
str4,str2,1,0.0
str4,str3,1,0.0
str4,str5,1,0.0
str4,str6,1,0.0
str4,str7,1,0.0
str4,str8,1,0.0
str4,str9,1,0.0
str4,pep1,2,0.9560546875
str4,pep2,2,0.9560546875
str4,pep3,2,0.95703125
str4,pep4,2,0.884765625
str4,pep5,2,0.8662109375
str4,pep6,2,0.95703125
str4,pep7,2,0.95703125
str4,pep8,2,0.95703125
str4,pep9,2,0.8662109375
str4,pep10,2,0.8662109375
str4,pep11,2,0.8662109375
str4,pep12,2,0.0
str4,str1,2,0.0
str4,str2,2,0.0
str4,str3,2,0.0
str4,str5,2,0.0
str4,str6,2,0.0
str4,str7,2,0.0
str4,str8,2,0.0
str4,str9,2,0.0
str4,pep1,3,0.8837890625
str4,pep2,3,0.8837890625
str4,pep3,3,0.9208984375
str4,pep4,3,0.8837890625
str4,pep5,3,0.8818359375
str4,pep6,3,0.9208984375
str4,pep7,3,0.9208984375
str4,pep8,3,0.9208984375
str4,pep9,3,0.9501953125
str4,pep10,3,0.9208984375
str4,pep11,3,0.9501953125
str4,pep12,3,0.9501953125
str4,str1,3,0.8828125
str4,str2,3,0.0
str4,str3,3,0.5166015625
str4,str5,3,0.5166015625
str4,str6,3,0.0
str4,str7,3,0.8828125
str4,str8,3,0.5166015625
str4,str9,3,0.0
str4,pep1,4,0.0
str4,pep2,4,0.0
str4,pep3,4,0.0
str4,pep4,4,0.8349609375
str4,pep5,4,0.751953125
str4,pep6,4,0.0
str4,pep7,4,0.0
str4,pep8,4,0.0
str4,pep9,4,0.765625
str4,pep10,4,0.0
str4,pep11,4,0.765625
str4,pep12,4,0.751953125
str4,str1,4,0.0
str4,str2,4,0.0
str4,str3,4,0.0
str4,str5,4,0.0
str4,str6,4,0.0
str4,str7,4,0.0
str4,str8,4,0.0
str4,str9,4,0.0
str4,pep1,5,0.9375
str4,pep2,5,0.9375
str4,pep3,5,0.8994140625
str4,pep4,5,0.8603515625
str4,pep5,5,0.9326171875
str4,pep6,5,0.8486328125
str4,pep7,5,0.8486328125
str4,pep8,5,0.8486328125
str4,pep9,5,0.8828125
str4,pep10,5,0.8486328125
str4,pep11,5,0.8828125
str4,pep12,5,0.8271484375
str4,str1,5,0.0
str4,str2,5,0.0
str4,str3,5,0.0
str4,str5,5,0.0
str4,str6,5,0.0
str4,str7,5,0.568359375
str4,str8,5,0.568359375
str4,str9,5,0.8828125
str4,pep1,6,0.8603515625
str4,pep2,6,0.8603515625
str4,pep3,6,0.73046875
str4,pep4,6,0.9287109375
str4,pep5,6,0.7919921875
str4,pep6,6,0.751953125
str4,pep7,6,0.751953125
str4,pep8,6,0.751953125
str4,pep9,6,0.751953125
str4,pep10,6,0.73046875
str4,pep11,6,0.751953125
str4,pep12,6,0.7880859375
str4,str1,6,0.8837890625
str4,str2,6,0.7880859375
str4,str3,6,0.7841796875
str4,str5,6,0.7685546875
str4,str6,6,0.7841796875
str4,str7,6,0.751953125
str4,str8,6,0.73046875
str4,str9,6,0.8837890625
str4,pep1,7,0.8203125
str4,pep2,7,0.8203125
str4,pep3,7,0.8515625
str4,pep4,7,0.884765625
str4,pep5,7,0.9248046875
str4,pep6,7,0.8515625
str4,pep7,7,0.8515625
str4,pep8,7,0.8515625
str4,pep9,7,0.9248046875
str4,pep10,7,0.9248046875
str4,pep11,7,0.9248046875
str4,pep12,7,0.7001953125
str4,str1,7,0.9248046875
str4,str2,7,0.8203125
str4,str3,7,0.8544921875
str4,str5,7,0.8203125
str4,str6,7,0.7509765625
str4,str7,7,0.8681640625
str4,str8,7,0.8515625
str4,str9,7,0.568359375
str4,pep1,8,0.93359375
str4,pep2,8,0.859375
str4,pep3,8,0.9306640625
str4,pep4,8,0.875
str4,pep5,8,0.0
str4,pep6,8,0.8447265625
str4,pep7,8,0.875
str4,pep8,8,0.859375
str4,pep9,8,0.0
str4,pep10,8,0.0
str4,pep11,8,0.0
str4,pep12,8,0.95703125
str4,str1,8,0.0
str4,str2,8,0.0
str4,str3,8,0.0
str4,str5,8,0.0
str4,str6,8,0.0
str4,str7,8,0.884765625
str4,str8,8,0.0
str4,str9,8,0.9560546875
str4,pep1,9,0.9208984375
str4,pep2,9,0.9208984375
str4,pep3,9,0.8818359375
str4,pep4,9,0.8857421875
str4,pep5,9,0.8857421875
str4,pep6,9,0.865234375
str4,pep7,9,0.8857421875
str4,pep8,9,0.8857421875
str4,pep9,9,0.8857421875
str4,pep10,9,0.8857421875
str4,pep11,9,0.8857421875
str4,pep12,9,0.9208984375
str4,str1,9,0.9208984375
str4,str2,9,0.8818359375
str4,str3,9,0.9208984375
str4,str5,9,0.865234375
str4,str6,9,0.0
str4,str7,9,0.865234375
str4,str8,9,0.8818359375
str4,str9,9,0.8857421875
str4,pep1,10,0.8662109375
str4,pep2,10,0.8662109375
str4,pep3,10,0.83203125
str4,pep4,10,0.8828125
str4,pep5,10,0.8994140625
str4,pep6,10,0.8828125
str4,pep7,10,0.8271484375
str4,pep8,10,0.8271484375
str4,pep9,10,0.8603515625
str4,pep10,10,0.8603515625
str4,pep11,10,0.8603515625
str4,pep12,10,0.8603515625
str4,str1,10,0.8662109375
str4,str2,10,0.8486328125
str4,str3,10,0.7685546875
str4,str5,10,0.8828125
str4,str6,10,0.8857421875
str4,str7,10,0.8994140625
str4,str8,10,0.8271484375
str4,str9,10,0.8486328125
str4,pep1,11,0.8134765625
str4,pep2,11,0.0
str4,pep3,11,0.0
str4,pep4,11,0.671875
str4,pep5,11,0.8662109375
str4,pep6,11,0.8994140625
str4,pep7,11,0.8134765625
str4,pep8,11,0.8134765625
str4,pep9,11,0.0
str4,pep10,11,0.8134765625
str4,pep11,11,0.0
str4,pep12,11,0.802734375
str4,str1,11,0.0
str4,str2,11,0.8994140625
str4,str3,11,0.8837890625
str4,str5,11,0.0
str4,str6,11,0.8994140625
str4,str7,11,0.818359375
str4,str8,11,0.935546875
str4,str9,11,0.0
str4,pep1,12,0.0
str4,pep2,12,0.0
str4,pep3,12,0.0
str4,pep4,12,0.0
str4,pep5,12,0.0
str4,pep6,12,0.0
str4,pep7,12,0.0
str4,pep8,12,0.0
str4,pep9,12,0.0
str4,pep10,12,0.0
str4,pep11,12,0.0
str4,pep12,12,0.0
str4,str1,12,0.0
str4,str2,12,0.0
str4,str3,12,0.0
str4,str5,12,0.0
str4,str6,12,0.0
str4,str7,12,0.0
str4,str8,12,0.0
str4,str9,12,0.0
str5,pep1,1,0.0
str5,pep2,1,0.0
str5,pep3,1,0.0
str5,pep4,1,0.0
str5,pep5,1,0.0
str5,pep6,1,0.0
str5,pep7,1,0.0
str5,pep8,1,0.0
str5,pep9,1,0.0
str5,pep10,1,0.0
str5,pep11,1,0.0
str5,pep12,1,0.0
str5,str1,1,0.0
str5,str2,1,0.0
str5,str3,1,0.0
str5,str4,1,0.0
str5,str6,1,0.0
str5,str7,1,0.0
str5,str8,1,0.0
str5,str9,1,0.0
str5,pep1,2,0.9560546875
str5,pep2,2,0.9560546875
str5,pep3,2,0.95703125
str5,pep4,2,0.884765625
str5,pep5,2,0.8662109375
str5,pep6,2,0.95703125
str5,pep7,2,0.95703125
str5,pep8,2,0.95703125
str5,pep9,2,0.8662109375
str5,pep10,2,0.8662109375
str5,pep11,2,0.8662109375
str5,pep12,2,0.0
str5,str1,2,0.0
str5,str2,2,0.0
str5,str3,2,0.0
str5,str4,2,0.0
str5,str6,2,0.0
str5,str7,2,0.0
str5,str8,2,0.0
str5,str9,2,0.0
str5,pep1,3,0.888671875
str5,pep2,3,0.888671875
str5,pep3,3,0.9306640625
str5,pep4,3,0.888671875
str5,pep5,3,0.8837890625
str5,pep6,3,0.9306640625
str5,pep7,3,0.9306640625
str5,pep8,3,0.9306640625
str5,pep9,3,0.9482421875
str5,pep10,3,0.9306640625
str5,pep11,3,0.9482421875
str5,pep12,3,0.9482421875
str5,str1,3,0.8857421875
str5,str2,3,0.5166015625
str5,str3,3,0.0
str5,str4,3,0.5166015625
str5,str6,3,0.5166015625
str5,str7,3,0.8857421875
str5,str8,3,0.0
str5,str9,3,0.5166015625
str5,pep1,4,0.0
str5,pep2,4,0.0
str5,pep3,4,0.0
str5,pep4,4,0.8349609375
str5,pep5,4,0.751953125
str5,pep6,4,0.0
str5,pep7,4,0.0
str5,pep8,4,0.0
str5,pep9,4,0.765625
str5,pep10,4,0.0
str5,pep11,4,0.765625
str5,pep12,4,0.751953125
str5,str1,4,0.0
str5,str2,4,0.0
str5,str3,4,0.0
str5,str4,4,0.0
str5,str6,4,0.0
str5,str7,4,0.0
str5,str8,4,0.0
str5,str9,4,0.0
str5,pep1,5,0.9375
str5,pep2,5,0.9375
str5,pep3,5,0.8994140625
str5,pep4,5,0.8603515625
str5,pep5,5,0.9326171875
str5,pep6,5,0.8486328125
str5,pep7,5,0.8486328125
str5,pep8,5,0.8486328125
str5,pep9,5,0.8828125
str5,pep10,5,0.8486328125
str5,pep11,5,0.8828125
str5,pep12,5,0.8271484375
str5,str1,5,0.0
str5,str2,5,0.0
str5,str3,5,0.0
str5,str4,5,0.0
str5,str6,5,0.0
str5,str7,5,0.568359375
str5,str8,5,0.568359375
str5,str9,5,0.8828125
str5,pep1,6,0.8662109375
str5,pep2,6,0.8662109375
str5,pep3,6,0.8486328125
str5,pep4,6,0.9375
str5,pep5,6,0.8818359375
str5,pep6,6,0.8603515625
str5,pep7,6,0.8603515625
str5,pep8,6,0.8603515625
str5,pep9,6,0.8603515625
str5,pep10,6,0.8486328125
str5,pep11,6,0.8603515625
str5,pep12,6,0.83203125
str5,str1,6,0.8828125
str5,str2,6,0.83203125
str5,str3,6,0.80078125
str5,str4,6,0.7685546875
str5,str6,6,0.80078125
str5,str7,6,0.8603515625
str5,str8,6,0.8486328125
str5,str9,6,0.8828125
str5,pep1,7,0.0
str5,pep2,7,0.0
str5,pep3,7,0.7880859375
str5,pep4,7,0.875
str5,pep5,7,0.9375
str5,pep6,7,0.7880859375
str5,pep7,7,0.7880859375
str5,pep8,7,0.7880859375
str5,pep9,7,0.9375
str5,pep10,7,0.9375
str5,pep11,7,0.9375
str5,pep12,7,0.7900390625
str5,str1,7,0.9375
str5,str2,7,0.0
str5,str3,7,0.904296875
str5,str4,7,0.8203125
str5,str6,7,0.8212890625
str5,str7,7,0.888671875
str5,str8,7,0.7880859375
str5,str9,7,0.8603515625
str5,pep1,8,0.93359375
str5,pep2,8,0.859375
str5,pep3,8,0.9306640625
str5,pep4,8,0.875
str5,pep5,8,0.0
str5,pep6,8,0.8447265625
str5,pep7,8,0.875
str5,pep8,8,0.859375
str5,pep9,8,0.0
str5,pep10,8,0.0
str5,pep11,8,0.0
str5,pep12,8,0.95703125
str5,str1,8,0.0
str5,str2,8,0.0
str5,str3,8,0.0
str5,str4,8,0.0
str5,str6,8,0.0
str5,str7,8,0.884765625
str5,str8,8,0.0
str5,str9,8,0.9560546875
str5,pep1,9,0.896484375
str5,pep2,9,0.896484375
str5,pep3,9,0.818359375
str5,pep4,9,0.8349609375
str5,pep5,9,0.8349609375
str5,pep6,9,0.0
str5,pep7,9,0.8349609375
str5,pep8,9,0.8349609375
str5,pep9,9,0.8349609375
str5,pep10,9,0.8349609375
str5,pep11,9,0.8349609375
str5,pep12,9,0.896484375
str5,str1,9,0.896484375
str5,str2,9,0.818359375
str5,str3,9,0.896484375
str5,str4,9,0.865234375
str5,str6,9,0.865234375
str5,str7,9,0.0
str5,str8,9,0.818359375
str5,str9,9,0.8349609375
str5,pep1,10,0.9208984375
str5,pep2,10,0.9208984375
str5,pep3,10,0.8974609375
str5,pep4,10,0.0
str5,pep5,10,0.9306640625
str5,pep6,10,0.0
str5,pep7,10,0.865234375
str5,pep8,10,0.865234375
str5,pep9,10,0.8857421875
str5,pep10,10,0.8857421875
str5,pep11,10,0.8857421875
str5,pep12,10,0.8857421875
str5,str1,10,0.9208984375
str5,str2,10,0.8818359375
str5,str3,10,0.8837890625
str5,str4,10,0.8828125
str5,str6,10,0.5166015625
str5,str7,10,0.9306640625
str5,str8,10,0.865234375
str5,str9,10,0.8818359375
str5,pep1,11,0.8134765625
str5,pep2,11,0.0
str5,pep3,11,0.0
str5,pep4,11,0.671875
str5,pep5,11,0.8662109375
str5,pep6,11,0.8994140625
str5,pep7,11,0.8134765625
str5,pep8,11,0.8134765625
str5,pep9,11,0.0
str5,pep10,11,0.8134765625
str5,pep11,11,0.0
str5,pep12,11,0.802734375
str5,str1,11,0.0
str5,str2,11,0.8994140625
str5,str3,11,0.8837890625
str5,str4,11,0.0
str5,str6,11,0.8994140625
str5,str7,11,0.818359375
str5,str8,11,0.935546875
str5,str9,11,0.0
str5,pep1,12,0.0
str5,pep2,12,0.0
str5,pep3,12,0.0
str5,pep4,12,0.0
str5,pep5,12,0.0
str5,pep6,12,0.0
str5,pep7,12,0.0
str5,pep8,12,0.0
str5,pep9,12,0.0
str5,pep10,12,0.0
str5,pep11,12,0.0
str5,pep12,12,0.0
str5,str1,12,0.0
str5,str2,12,0.0
str5,str3,12,0.0
str5,str4,12,0.0
str5,str6,12,0.0
str5,str7,12,0.0
str5,str8,12,0.0
str5,str9,12,0.0
str6,pep1,1,0.0
str6,pep2,1,0.0
str6,pep3,1,0.0
str6,pep4,1,0.0
str6,pep5,1,0.0
str6,pep6,1,0.0
str6,pep7,1,0.0
str6,pep8,1,0.0
str6,pep9,1,0.0
str6,pep10,1,0.0
str6,pep11,1,0.0
str6,pep12,1,0.0
str6,str1,1,0.0
str6,str2,1,0.0
str6,str3,1,0.0
str6,str4,1,0.0
str6,str5,1,0.0
str6,str7,1,0.0
str6,str8,1,0.0
str6,str9,1,0.0
str6,pep1,2,0.9560546875
str6,pep2,2,0.9560546875
str6,pep3,2,0.95703125
str6,pep4,2,0.884765625
str6,pep5,2,0.8662109375
str6,pep6,2,0.95703125
str6,pep7,2,0.95703125
str6,pep8,2,0.95703125
str6,pep9,2,0.8662109375
str6,pep10,2,0.8662109375
str6,pep11,2,0.8662109375
str6,pep12,2,0.0
str6,str1,2,0.0
str6,str2,2,0.0
str6,str3,2,0.0
str6,str4,2,0.0
str6,str5,2,0.0
str6,str7,2,0.0
str6,str8,2,0.0
str6,str9,2,0.0
str6,pep1,3,0.8837890625
str6,pep2,3,0.8837890625
str6,pep3,3,0.9208984375
str6,pep4,3,0.8837890625
str6,pep5,3,0.8818359375
str6,pep6,3,0.9208984375
str6,pep7,3,0.9208984375
str6,pep8,3,0.9208984375
str6,pep9,3,0.9501953125
str6,pep10,3,0.9208984375
str6,pep11,3,0.9501953125
str6,pep12,3,0.9501953125
str6,str1,3,0.8828125
str6,str2,3,0.0
str6,str3,3,0.5166015625
str6,str4,3,0.0
str6,str5,3,0.5166015625
str6,str7,3,0.8828125
str6,str8,3,0.5166015625
str6,str9,3,0.0
str6,pep1,4,0.0
str6,pep2,4,0.0
str6,pep3,4,0.0
str6,pep4,4,0.8349609375
str6,pep5,4,0.751953125
str6,pep6,4,0.0
str6,pep7,4,0.0
str6,pep8,4,0.0
str6,pep9,4,0.765625
str6,pep10,4,0.0
str6,pep11,4,0.765625
str6,pep12,4,0.751953125
str6,str1,4,0.0
str6,str2,4,0.0
str6,str3,4,0.0
str6,str4,4,0.0
str6,str5,4,0.0
str6,str7,4,0.0
str6,str8,4,0.0
str6,str9,4,0.0
str6,pep1,5,0.9375
str6,pep2,5,0.9375
str6,pep3,5,0.8994140625
str6,pep4,5,0.8603515625
str6,pep5,5,0.9326171875
str6,pep6,5,0.8486328125
str6,pep7,5,0.8486328125
str6,pep8,5,0.8486328125
str6,pep9,5,0.8828125
str6,pep10,5,0.8486328125
str6,pep11,5,0.8828125
str6,pep12,5,0.8271484375
str6,str1,5,0.0
str6,str2,5,0.0
str6,str3,5,0.0
str6,str4,5,0.0
str6,str5,5,0.0
str6,str7,5,0.568359375
str6,str8,5,0.568359375
str6,str9,5,0.8828125
str6,pep1,6,0.859375
str6,pep2,6,0.859375
str6,pep3,6,0.7802734375
str6,pep4,6,0.9111328125
str6,pep5,6,0.8349609375
str6,pep6,6,0.7900390625
str6,pep7,6,0.7900390625
str6,pep8,6,0.7900390625
str6,pep9,6,0.7900390625
str6,pep10,6,0.7802734375
str6,pep11,6,0.7900390625
str6,pep12,6,0.8369140625
str6,str1,6,0.8515625
str6,str2,6,0.8369140625
str6,str3,6,0.0
str6,str4,6,0.7841796875
str6,str5,6,0.80078125
str6,str7,6,0.7900390625
str6,str8,6,0.7802734375
str6,str9,6,0.8515625
str6,pep1,7,0.8212890625
str6,pep2,7,0.8212890625
str6,pep3,7,0.8544921875
str6,pep4,7,0.884765625
str6,pep5,7,0.9208984375
str6,pep6,7,0.8544921875
str6,pep7,7,0.8544921875
str6,pep8,7,0.8544921875
str6,pep9,7,0.9208984375
str6,pep10,7,0.9208984375
str6,pep11,7,0.9208984375
str6,pep12,7,0.6982421875
str6,str1,7,0.9208984375
str6,str2,7,0.8212890625
str6,str3,7,0.865234375
str6,str4,7,0.7509765625
str6,str5,7,0.8212890625
str6,str7,7,0.8759765625
str6,str8,7,0.8544921875
str6,str9,7,0.8271484375
str6,pep1,8,0.93359375
str6,pep2,8,0.859375
str6,pep3,8,0.9306640625
str6,pep4,8,0.875
str6,pep5,8,0.0
str6,pep6,8,0.8447265625
str6,pep7,8,0.875
str6,pep8,8,0.859375
str6,pep9,8,0.0
str6,pep10,8,0.0
str6,pep11,8,0.0
str6,pep12,8,0.95703125
str6,str1,8,0.0
str6,str2,8,0.0
str6,str3,8,0.0
str6,str4,8,0.0
str6,str5,8,0.0
str6,str7,8,0.884765625
str6,str8,8,0.0
str6,str9,8,0.9560546875
str6,pep1,9,0.9208984375
str6,pep2,9,0.9208984375
str6,pep3,9,0.8818359375
str6,pep4,9,0.8857421875
str6,pep5,9,0.8857421875
str6,pep6,9,0.865234375
str6,pep7,9,0.8857421875
str6,pep8,9,0.8857421875
str6,pep9,9,0.8857421875
str6,pep10,9,0.8857421875
str6,pep11,9,0.8857421875
str6,pep12,9,0.9208984375
str6,str1,9,0.9208984375
str6,str2,9,0.8818359375
str6,str3,9,0.9208984375
str6,str4,9,0.0
str6,str5,9,0.865234375
str6,str7,9,0.865234375
str6,str8,9,0.8818359375
str6,str9,9,0.8857421875
str6,pep1,10,0.9306640625
str6,pep2,10,0.9306640625
str6,pep3,10,0.9033203125
str6,pep4,10,0.5166015625
str6,pep5,10,0.935546875
str6,pep6,10,0.5166015625
str6,pep7,10,0.8759765625
str6,pep8,10,0.8759765625
str6,pep9,10,0.888671875
str6,pep10,10,0.888671875
str6,pep11,10,0.888671875
str6,pep12,10,0.888671875
str6,str1,10,0.9306640625
str6,str2,10,0.8837890625
str6,str3,10,0.888671875
str6,str4,10,0.8857421875
str6,str5,10,0.5166015625
str6,str7,10,0.935546875
str6,str8,10,0.8759765625
str6,str9,10,0.8837890625
str6,pep1,11,0.865234375
str6,pep2,11,0.8994140625
str6,pep3,11,0.8994140625
str6,pep4,11,0.904296875
str6,pep5,11,0.93359375
str6,pep6,11,0.0
str6,pep7,11,0.865234375
str6,pep8,11,0.865234375
str6,pep9,11,0.8994140625
str6,pep10,11,0.865234375
str6,pep11,11,0.8994140625
str6,pep12,11,0.8544921875
str6,str1,11,0.8994140625
str6,str2,11,0.0
str6,str3,11,0.935546875
str6,str4,11,0.8994140625
str6,str5,11,0.8994140625
str6,str7,11,0.8818359375
str6,str8,11,0.9091796875
str6,str9,11,0.8994140625
str6,pep1,12,0.0
str6,pep2,12,0.0
str6,pep3,12,0.0
str6,pep4,12,0.0
str6,pep5,12,0.0
str6,pep6,12,0.0
str6,pep7,12,0.0
str6,pep8,12,0.0
str6,pep9,12,0.0
str6,pep10,12,0.0
str6,pep11,12,0.0
str6,pep12,12,0.0
str6,str1,12,0.0
str6,str2,12,0.0
str6,str3,12,0.0
str6,str4,12,0.0
str6,str5,12,0.0
str6,str7,12,0.0
str6,str8,12,0.0
str6,str9,12,0.0
str7,pep1,1,0.0
str7,pep2,1,0.0
str7,pep3,1,0.0
str7,pep4,1,0.0
str7,pep5,1,0.0
str7,pep6,1,0.0
str7,pep7,1,0.0
str7,pep8,1,0.0
str7,pep9,1,0.0
str7,pep10,1,0.0
str7,pep11,1,0.0
str7,pep12,1,0.0
str7,str1,1,0.0
str7,str2,1,0.0
str7,str3,1,0.0
str7,str4,1,0.0
str7,str5,1,0.0
str7,str6,1,0.0
str7,str8,1,0.0
str7,str9,1,0.0
str7,pep1,2,0.9560546875
str7,pep2,2,0.9560546875
str7,pep3,2,0.95703125
str7,pep4,2,0.884765625
str7,pep5,2,0.8662109375
str7,pep6,2,0.95703125
str7,pep7,2,0.95703125
str7,pep8,2,0.95703125
str7,pep9,2,0.8662109375
str7,pep10,2,0.8662109375
str7,pep11,2,0.8662109375
str7,pep12,2,0.0
str7,str1,2,0.0
str7,str2,2,0.0
str7,str3,2,0.0
str7,str4,2,0.0
str7,str5,2,0.0
str7,str6,2,0.0
str7,str8,2,0.0
str7,str9,2,0.0
str7,pep1,3,0.7685546875
str7,pep2,3,0.7685546875
str7,pep3,3,0.8662109375
str7,pep4,3,0.7685546875
str7,pep5,3,0.8486328125
str7,pep6,3,0.8662109375
str7,pep7,3,0.8662109375
str7,pep8,3,0.8662109375
str7,pep9,3,0.9375
str7,pep10,3,0.8662109375
str7,pep11,3,0.9375
str7,pep12,3,0.9375
str7,str1,3,0.0
str7,str2,3,0.8828125
str7,str3,3,0.8857421875
str7,str4,3,0.8828125
str7,str5,3,0.8857421875
str7,str6,3,0.8828125
str7,str8,3,0.8857421875
str7,str9,3,0.8828125
str7,pep1,4,0.0
str7,pep2,4,0.0
str7,pep3,4,0.0
str7,pep4,4,0.8349609375
str7,pep5,4,0.751953125
str7,pep6,4,0.0
str7,pep7,4,0.0
str7,pep8,4,0.0
str7,pep9,4,0.765625
str7,pep10,4,0.0
str7,pep11,4,0.765625
str7,pep12,4,0.751953125
str7,str1,4,0.0
str7,str2,4,0.0
str7,str3,4,0.0
str7,str4,4,0.0
str7,str5,4,0.0
str7,str6,4,0.0
str7,str8,4,0.0
str7,str9,4,0.0
str7,pep1,5,0.9248046875
str7,pep2,5,0.9248046875
str7,pep3,5,0.8544921875
str7,pep4,5,0.8203125
str7,pep5,5,0.9248046875
str7,pep6,5,0.802734375
str7,pep7,5,0.802734375
str7,pep8,5,0.802734375
str7,pep9,5,0.857421875
str7,pep10,5,0.802734375
str7,pep11,5,0.857421875
str7,pep12,5,0.7509765625
str7,str1,5,0.568359375
str7,str2,5,0.568359375
str7,str3,5,0.568359375
str7,str4,5,0.568359375
str7,str5,5,0.568359375
str7,str6,5,0.568359375
str7,str8,5,0.0
str7,str9,5,0.857421875
str7,pep1,6,0.875
str7,pep2,6,0.875
str7,pep3,6,0.671875
str7,pep4,6,0.9375
str7,pep5,6,0.7880859375
str7,pep6,6,0.0
str7,pep7,6,0.0
str7,pep8,6,0.0
str7,pep9,6,0.0
str7,pep10,6,0.671875
str7,pep11,6,0.0
str7,pep12,6,0.7890625
str7,str1,6,0.8857421875
str7,str2,6,0.7890625
str7,str3,6,0.7900390625
str7,str4,6,0.751953125
str7,str5,6,0.8603515625
str7,str6,6,0.7900390625
str7,str8,6,0.671875
str7,str9,6,0.8857421875
str7,pep1,7,0.888671875
str7,pep2,7,0.888671875
str7,pep3,7,0.9033203125
str7,pep4,7,0.9306640625
str7,pep5,7,0.9482421875
str7,pep6,7,0.9033203125
str7,pep7,7,0.9033203125
str7,pep8,7,0.9033203125
str7,pep9,7,0.9482421875
str7,pep10,7,0.9482421875
str7,pep11,7,0.9482421875
str7,pep12,7,0.8671875
str7,str1,7,0.9482421875
str7,str2,7,0.888671875
str7,str3,7,0.935546875
str7,str4,7,0.8681640625
str7,str5,7,0.888671875
str7,str6,7,0.8759765625
str7,str8,7,0.9033203125
str7,str9,7,0.8857421875
str7,pep1,8,0.865234375
str7,pep2,8,0.6982421875
str7,pep3,8,0.8759765625
str7,pep4,8,0.8212890625
str7,pep5,8,0.884765625
str7,pep6,8,0.8544921875
str7,pep7,8,0.8212890625
str7,pep8,8,0.6982421875
str7,pep9,8,0.884765625
str7,pep10,8,0.884765625
str7,pep11,8,0.884765625
str7,pep12,8,0.9208984375
str7,str1,8,0.884765625
str7,str2,8,0.884765625
str7,str3,8,0.884765625
str7,str4,8,0.884765625
str7,str5,8,0.884765625
str7,str6,8,0.884765625
str7,str8,8,0.884765625
str7,str9,8,0.923828125
str7,pep1,9,0.896484375
str7,pep2,9,0.896484375
str7,pep3,9,0.818359375
str7,pep4,9,0.8349609375
str7,pep5,9,0.8349609375
str7,pep6,9,0.0
str7,pep7,9,0.8349609375
str7,pep8,9,0.8349609375
str7,pep9,9,0.8349609375
str7,pep10,9,0.8349609375
str7,pep11,9,0.8349609375
str7,pep12,9,0.896484375
str7,str1,9,0.896484375
str7,str2,9,0.818359375
str7,str3,9,0.896484375
str7,str4,9,0.865234375
str7,str5,9,0.0
str7,str6,9,0.865234375
str7,str8,9,0.818359375
str7,str9,9,0.8349609375
str7,pep1,10,0.93359375
str7,pep2,10,0.93359375
str7,pep3,10,0.916015625
str7,pep4,10,0.9306640625
str7,pep5,10,0.0
str7,pep6,10,0.9306640625
str7,pep7,10,0.865234375
str7,pep8,10,0.865234375
str7,pep9,10,0.904296875
str7,pep10,10,0.904296875
str7,pep11,10,0.904296875
str7,pep12,10,0.904296875
str7,str1,10,0.93359375
str7,str2,10,0.8994140625
str7,str3,10,0.89453125
str7,str4,10,0.8994140625
str7,str5,10,0.9306640625
str7,str6,10,0.935546875
str7,str8,10,0.865234375
str7,str9,10,0.8994140625
str7,pep1,11,0.740234375
str7,pep2,11,0.818359375
str7,pep3,11,0.818359375
str7,pep4,11,0.8349609375
str7,pep5,11,0.896484375
str7,pep6,11,0.8818359375
str7,pep7,11,0.740234375
str7,pep8,11,0.740234375
str7,pep9,11,0.818359375
str7,pep10,11,0.740234375
str7,pep11,11,0.818359375
str7,pep12,11,0.7109375
str7,str1,11,0.818359375
str7,str2,11,0.8818359375
str7,str3,11,0.8720703125
str7,str4,11,0.818359375
str7,str5,11,0.818359375
str7,str6,11,0.8818359375
str7,str8,11,0.927734375
str7,str9,11,0.818359375
str7,pep1,12,0.0
str7,pep2,12,0.0
str7,pep3,12,0.0
str7,pep4,12,0.0
str7,pep5,12,0.0
str7,pep6,12,0.0
str7,pep7,12,0.0
str7,pep8,12,0.0
str7,pep9,12,0.0
str7,pep10,12,0.0
str7,pep11,12,0.0
str7,pep12,12,0.0
str7,str1,12,0.0
str7,str2,12,0.0
str7,str3,12,0.0
str7,str4,12,0.0
str7,str5,12,0.0
str7,str6,12,0.0
str7,str8,12,0.0
str7,str9,12,0.0
str8,pep1,1,0.0
str8,pep2,1,0.0
str8,pep3,1,0.0
str8,pep4,1,0.0
str8,pep5,1,0.0
str8,pep6,1,0.0
str8,pep7,1,0.0
str8,pep8,1,0.0
str8,pep9,1,0.0
str8,pep10,1,0.0
str8,pep11,1,0.0
str8,pep12,1,0.0
str8,str1,1,0.0
str8,str2,1,0.0
str8,str3,1,0.0
str8,str4,1,0.0
str8,str5,1,0.0
str8,str6,1,0.0
str8,str7,1,0.0
str8,str9,1,0.0
str8,pep1,2,0.9560546875
str8,pep2,2,0.9560546875
str8,pep3,2,0.95703125
str8,pep4,2,0.884765625
str8,pep5,2,0.8662109375
str8,pep6,2,0.95703125
str8,pep7,2,0.95703125
str8,pep8,2,0.95703125
str8,pep9,2,0.8662109375
str8,pep10,2,0.8662109375
str8,pep11,2,0.8662109375
str8,pep12,2,0.0
str8,str1,2,0.0
str8,str2,2,0.0
str8,str3,2,0.0
str8,str4,2,0.0
str8,str5,2,0.0
str8,str6,2,0.0
str8,str7,2,0.0
str8,str9,2,0.0
str8,pep1,3,0.888671875
str8,pep2,3,0.888671875
str8,pep3,3,0.9306640625
str8,pep4,3,0.888671875
str8,pep5,3,0.8837890625
str8,pep6,3,0.9306640625
str8,pep7,3,0.9306640625
str8,pep8,3,0.9306640625
str8,pep9,3,0.9482421875
str8,pep10,3,0.9306640625
str8,pep11,3,0.9482421875
str8,pep12,3,0.9482421875
str8,str1,3,0.8857421875
str8,str2,3,0.5166015625
str8,str3,3,0.0
str8,str4,3,0.5166015625
str8,str5,3,0.0
str8,str6,3,0.5166015625
str8,str7,3,0.8857421875
str8,str9,3,0.5166015625
str8,pep1,4,0.0
str8,pep2,4,0.0
str8,pep3,4,0.0
str8,pep4,4,0.8349609375
str8,pep5,4,0.751953125
str8,pep6,4,0.0
str8,pep7,4,0.0
str8,pep8,4,0.0
str8,pep9,4,0.765625
str8,pep10,4,0.0
str8,pep11,4,0.765625
str8,pep12,4,0.751953125
str8,str1,4,0.0
str8,str2,4,0.0
str8,str3,4,0.0
str8,str4,4,0.0
str8,str5,4,0.0
str8,str6,4,0.0
str8,str7,4,0.0
str8,str9,4,0.0
str8,pep1,5,0.9248046875
str8,pep2,5,0.9248046875
str8,pep3,5,0.8544921875
str8,pep4,5,0.8203125
str8,pep5,5,0.9248046875
str8,pep6,5,0.802734375
str8,pep7,5,0.802734375
str8,pep8,5,0.802734375
str8,pep9,5,0.857421875
str8,pep10,5,0.802734375
str8,pep11,5,0.857421875
str8,pep12,5,0.7509765625
str8,str1,5,0.568359375
str8,str2,5,0.568359375
str8,str3,5,0.568359375
str8,str4,5,0.568359375
str8,str5,5,0.568359375
str8,str6,5,0.568359375
str8,str7,5,0.0
str8,str9,5,0.857421875
str8,pep1,6,0.8662109375
str8,pep2,6,0.8662109375
str8,pep3,6,0.0
str8,pep4,6,0.935546875
str8,pep5,6,0.7880859375
str8,pep6,6,0.671875
str8,pep7,6,0.671875
str8,pep8,6,0.671875
str8,pep9,6,0.671875
str8,pep10,6,0.0
str8,pep11,6,0.671875
str8,pep12,6,0.7822265625
str8,str1,6,0.8818359375
str8,str2,6,0.7822265625
str8,str3,6,0.7802734375
str8,str4,6,0.73046875
str8,str5,6,0.8486328125
str8,str6,6,0.7802734375
str8,str7,6,0.671875
str8,str9,6,0.8818359375
str8,pep1,7,0.7880859375
str8,pep2,7,0.7880859375
str8,pep3,7,0.0
str8,pep4,7,0.8447265625
str8,pep5,7,0.9501953125
str8,pep6,7,0.0
str8,pep7,7,0.0
str8,pep8,7,0.0
str8,pep9,7,0.9501953125
str8,pep10,7,0.9501953125
str8,pep11,7,0.9501953125
str8,pep12,7,0.8349609375
str8,str1,7,0.9501953125
str8,str2,7,0.7880859375
str8,str3,7,0.9208984375
str8,str4,7,0.8515625
str8,str5,7,0.7880859375
str8,str6,7,0.8544921875
str8,str7,7,0.9033203125
str8,str9,7,0.8818359375
str8,pep1,8,0.93359375
str8,pep2,8,0.859375
str8,pep3,8,0.9306640625
str8,pep4,8,0.875
str8,pep5,8,0.0
str8,pep6,8,0.8447265625
str8,pep7,8,0.875
str8,pep8,8,0.859375
str8,pep9,8,0.0
str8,pep10,8,0.0
str8,pep11,8,0.0
str8,pep12,8,0.95703125
str8,str1,8,0.0
str8,str2,8,0.0
str8,str3,8,0.0
str8,str4,8,0.0
str8,str5,8,0.0
str8,str6,8,0.0
str8,str7,8,0.884765625
str8,str9,8,0.9560546875
str8,pep1,9,0.8662109375
str8,pep2,9,0.8662109375
str8,pep3,9,0.0
str8,pep4,9,0.671875
str8,pep5,9,0.671875
str8,pep6,9,0.818359375
str8,pep7,9,0.671875
str8,pep8,9,0.671875
str8,pep9,9,0.671875
str8,pep10,9,0.671875
str8,pep11,9,0.671875
str8,pep12,9,0.8662109375
str8,str1,9,0.8662109375
str8,str2,9,0.0
str8,str3,9,0.8662109375
str8,str4,9,0.8818359375
str8,str5,9,0.818359375
str8,str6,9,0.8818359375
str8,str7,9,0.818359375
str8,str9,9,0.671875
str8,pep1,10,0.884765625
str8,pep2,10,0.884765625
str8,pep3,10,0.8515625
str8,pep4,10,0.865234375
str8,pep5,10,0.865234375
str8,pep6,10,0.865234375
str8,pep7,10,0.0
str8,pep8,10,0.0
str8,pep9,10,0.8212890625
str8,pep10,10,0.8212890625
str8,pep11,10,0.8212890625
str8,pep12,10,0.8212890625
str8,str1,10,0.884765625
str8,str2,10,0.8134765625
str8,str3,10,0.8134765625
str8,str4,10,0.8271484375
str8,str5,10,0.865234375
str8,str6,10,0.8759765625
str8,str7,10,0.865234375
str8,str9,10,0.8134765625
str8,pep1,11,0.9208984375
str8,pep2,11,0.935546875
str8,pep3,11,0.935546875
str8,pep4,11,0.9375
str8,pep5,11,0.95703125
str8,pep6,11,0.9091796875
str8,pep7,11,0.9208984375
str8,pep8,11,0.9208984375
str8,pep9,11,0.935546875
str8,pep10,11,0.9208984375
str8,pep11,11,0.935546875
str8,pep12,11,0.9248046875
str8,str1,11,0.935546875
str8,str2,11,0.9091796875
str8,str3,11,0.9482421875
str8,str4,11,0.935546875
str8,str5,11,0.935546875
str8,str6,11,0.9091796875
str8,str7,11,0.927734375
str8,str9,11,0.935546875
str8,pep1,12,0.0
str8,pep2,12,0.0
str8,pep3,12,0.0
str8,pep4,12,0.0
str8,pep5,12,0.0
str8,pep6,12,0.0
str8,pep7,12,0.0
str8,pep8,12,0.0
str8,pep9,12,0.0
str8,pep10,12,0.0
str8,pep11,12,0.0
str8,pep12,12,0.0
str8,str1,12,0.0
str8,str2,12,0.0
str8,str3,12,0.0
str8,str4,12,0.0
str8,str5,12,0.0
str8,str6,12,0.0
str8,str7,12,0.0
str8,str9,12,0.0
str9,pep1,1,0.0
str9,pep2,1,0.0
str9,pep3,1,0.0
str9,pep4,1,0.0
str9,pep5,1,0.0
str9,pep6,1,0.0
str9,pep7,1,0.0
str9,pep8,1,0.0
str9,pep9,1,0.0
str9,pep10,1,0.0
str9,pep11,1,0.0
str9,pep12,1,0.0
str9,str1,1,0.0
str9,str2,1,0.0
str9,str3,1,0.0
str9,str4,1,0.0
str9,str5,1,0.0
str9,str6,1,0.0
str9,str7,1,0.0
str9,str8,1,0.0
str9,pep1,2,0.9560546875
str9,pep2,2,0.9560546875
str9,pep3,2,0.95703125
str9,pep4,2,0.884765625
str9,pep5,2,0.8662109375
str9,pep6,2,0.95703125
str9,pep7,2,0.95703125
str9,pep8,2,0.95703125
str9,pep9,2,0.8662109375
str9,pep10,2,0.8662109375
str9,pep11,2,0.8662109375
str9,pep12,2,0.0
str9,str1,2,0.0
str9,str2,2,0.0
str9,str3,2,0.0
str9,str4,2,0.0
str9,str5,2,0.0
str9,str6,2,0.0
str9,str7,2,0.0
str9,str8,2,0.0
str9,pep1,3,0.8837890625
str9,pep2,3,0.8837890625
str9,pep3,3,0.9208984375
str9,pep4,3,0.8837890625
str9,pep5,3,0.8818359375
str9,pep6,3,0.9208984375
str9,pep7,3,0.9208984375
str9,pep8,3,0.9208984375
str9,pep9,3,0.9501953125
str9,pep10,3,0.9208984375
str9,pep11,3,0.9501953125
str9,pep12,3,0.9501953125
str9,str1,3,0.8828125
str9,str2,3,0.0
str9,str3,3,0.5166015625
str9,str4,3,0.0
str9,str5,3,0.5166015625
str9,str6,3,0.0
str9,str7,3,0.8828125
str9,str8,3,0.5166015625
str9,pep1,4,0.0
str9,pep2,4,0.0
str9,pep3,4,0.0
str9,pep4,4,0.8349609375
str9,pep5,4,0.751953125
str9,pep6,4,0.0
str9,pep7,4,0.0
str9,pep8,4,0.0
str9,pep9,4,0.765625
str9,pep10,4,0.0
str9,pep11,4,0.765625
str9,pep12,4,0.751953125
str9,str1,4,0.0
str9,str2,4,0.0
str9,str3,4,0.0
str9,str4,4,0.0
str9,str5,4,0.0
str9,str6,4,0.0
str9,str7,4,0.0
str9,str8,4,0.0
str9,pep1,5,0.9501953125
str9,pep2,5,0.9501953125
str9,pep3,5,0.9306640625
str9,pep4,5,0.8857421875
str9,pep5,5,0.6923828125
str9,pep6,5,0.8818359375
str9,pep7,5,0.8818359375
str9,pep8,5,0.8818359375
str9,pep9,5,0.0
str9,pep10,5,0.8818359375
str9,pep11,5,0.0
str9,pep12,5,0.865234375
str9,str1,5,0.8828125
str9,str2,5,0.8828125
str9,str3,5,0.8828125
str9,str4,5,0.8828125
str9,str5,5,0.8828125
str9,str6,5,0.8828125
str9,str7,5,0.857421875
str9,str8,5,0.857421875
str9,pep1,6,0.9208984375
str9,pep2,6,0.9208984375
str9,pep3,6,0.8818359375
str9,pep4,6,0.9501953125
str9,pep5,6,0.8984375
str9,pep6,6,0.8857421875
str9,pep7,6,0.8857421875
str9,pep8,6,0.8857421875
str9,pep9,6,0.8857421875
str9,pep10,6,0.8818359375
str9,pep11,6,0.8857421875
str9,pep12,6,0.8974609375
str9,str1,6,0.0
str9,str2,6,0.8974609375
str9,str3,6,0.8515625
str9,str4,6,0.8837890625
str9,str5,6,0.8828125
str9,str6,6,0.8515625
str9,str7,6,0.8857421875
str9,str8,6,0.8818359375
str9,pep1,7,0.8603515625
str9,pep2,7,0.8603515625
str9,pep3,7,0.8818359375
str9,pep4,7,0.8662109375
str9,pep5,7,0.9375
str9,pep6,7,0.8818359375
str9,pep7,7,0.8818359375
str9,pep8,7,0.8818359375
str9,pep9,7,0.9375
str9,pep10,7,0.9375
str9,pep11,7,0.9375
str9,pep12,7,0.80078125
str9,str1,7,0.9375
str9,str2,7,0.8603515625
str9,str3,7,0.8994140625
str9,str4,7,0.568359375
str9,str5,7,0.8603515625
str9,str6,7,0.8271484375
str9,str7,7,0.8857421875
str9,str8,7,0.8818359375
str9,pep1,8,0.9609375
str9,pep2,8,0.919921875
str9,pep3,8,0.8037109375
str9,pep4,8,0.9326171875
str9,pep5,8,0.9560546875
str9,pep6,8,0.93359375
str9,pep7,8,0.9326171875
str9,pep8,8,0.919921875
str9,pep9,8,0.9560546875
str9,pep10,8,0.9560546875
str9,pep11,8,0.9560546875
str9,pep12,8,0.9677734375
str9,str1,8,0.9560546875
str9,str2,8,0.9560546875
str9,str3,8,0.9560546875
str9,str4,8,0.9560546875
str9,str5,8,0.9560546875
str9,str6,8,0.9560546875
str9,str7,8,0.923828125
str9,str8,8,0.9560546875
str9,pep1,9,0.875
str9,pep2,9,0.875
str9,pep3,9,0.671875
str9,pep4,9,0.0
str9,pep5,9,0.0
str9,pep6,9,0.8349609375
str9,pep7,9,0.0
str9,pep8,9,0.0
str9,pep9,9,0.0
str9,pep10,9,0.0
str9,pep11,9,0.0
str9,pep12,9,0.875
str9,str1,9,0.875
str9,str2,9,0.671875
str9,str3,9,0.875
str9,str4,9,0.8857421875
str9,str5,9,0.8349609375
str9,str6,9,0.8857421875
str9,str7,9,0.8349609375
str9,str8,9,0.671875
str9,pep1,10,0.8662109375
str9,pep2,10,0.8662109375
str9,pep3,10,0.7822265625
str9,pep4,10,0.8818359375
str9,pep5,10,0.8994140625
str9,pep6,10,0.8818359375
str9,pep7,10,0.8134765625
str9,pep8,10,0.8134765625
str9,pep9,10,0.671875
str9,pep10,10,0.671875
str9,pep11,10,0.671875
str9,pep12,10,0.671875
str9,str1,10,0.8662109375
str9,str2,10,0.0
str9,str3,10,0.73046875
str9,str4,10,0.8486328125
str9,str5,10,0.8818359375
str9,str6,10,0.8837890625
str9,str7,10,0.8994140625
str9,str8,10,0.8134765625
str9,pep1,11,0.8134765625
str9,pep2,11,0.0
str9,pep3,11,0.0
str9,pep4,11,0.671875
str9,pep5,11,0.8662109375
str9,pep6,11,0.8994140625
str9,pep7,11,0.8134765625
str9,pep8,11,0.8134765625
str9,pep9,11,0.0
str9,pep10,11,0.8134765625
str9,pep11,11,0.0
str9,pep12,11,0.802734375
str9,str1,11,0.0
str9,str2,11,0.8994140625
str9,str3,11,0.8837890625
str9,str4,11,0.0
str9,str5,11,0.0
str9,str6,11,0.8994140625
str9,str7,11,0.818359375
str9,str8,11,0.935546875
str9,pep1,12,0.0
str9,pep2,12,0.0
str9,pep3,12,0.0
str9,pep4,12,0.0
str9,pep5,12,0.0
str9,pep6,12,0.0
str9,pep7,12,0.0
str9,pep8,12,0.0
str9,pep9,12,0.0
str9,pep10,12,0.0
str9,pep11,12,0.0
str9,pep12,12,0.0
str9,str1,12,0.0
str9,str2,12,0.0
str9,str3,12,0.0
str9,str4,12,0.0
str9,str5,12,0.0
str9,str6,12,0.0
str9,str7,12,0.0
str9,str8,12,0.0
